<?xml version="1.0" encoding="UTF-8"?>
<model:ChartWithoutAxes xmlns:xsi="http://www.w3.org/2001/XMLSchema-instance" xmlns:attribute="http://www.birt.eclipse.org/ChartModelAttribute" xmlns:layout="http://www.birt.eclipse.org/ChartModelLayout" xmlns:model="http://www.birt.eclipse.org/ChartModel" xmlns:type="http://www.birt.eclipse.org/ChartModelType">
  <Type>Pie Chart</Type>
  <SubType>Standard Pie Chart</SubType>
  <Description>
    <Value></Value>
    <Font>
      <Alignment/>
    </Font>
  </Description>
  <Block>
    <Children xsi:type="layout:TitleBlock">
      <Bounds>
        <Left>0.0</Left>
        <Top>0.0</Top>
        <Width>0.0</Width>
        <Height>0.0</Height>
      </Bounds>
      <Insets>
        <Top>3.0</Top>
        <Left>3.0</Left>
        <Bottom>3.0</Bottom>
        <Right>3.0</Right>
      </Insets>
      <Row>-1</Row>
      <Column>-1</Column>
      <Rowspan>-1</Rowspan>
      <Columnspan>-1</Columnspan>
      <Outline>
        <Style>Solid</Style>
        <Thickness>1</Thickness>
        <Color>
          <Transparency>255</Transparency>
          <Red>0</Red>
          <Green>0</Green>
          <Blue>0</Blue>
        </Color>
        <Visible>false</Visible>
      </Outline>
      <Visible>true</Visible>
      <Label>
        <Caption>
          <Value>Product Sales</Value>
          <Font>
            <Size>16.0</Size>
            <Bold>true</Bold>
            <Alignment>
              <horizontalAlignment>Center</horizontalAlignment>
              <verticalAlignment>Center</verticalAlignment>
            </Alignment>
          </Font>
        </Caption>
        <Background xsi:type="attribute:ColorDefinition">
          <Transparency>0</Transparency>
          <Red>255</Red>
          <Green>255</Green>
          <Blue>255</Blue>
        </Background>
        <Outline>
          <Style>Solid</Style>
          <Thickness>1</Thickness>
          <Color>
            <Transparency>255</Transparency>
            <Red>0</Red>
            <Green>0</Green>
            <Blue>0</Blue>
          </Color>
        </Outline>
        <Insets>
          <Top>0.0</Top>
          <Left>2.0</Left>
          <Bottom>0.0</Bottom>
          <Right>3.0</Right>
        </Insets>
        <Visible>true</Visible>
      </Label>
    </Children>
    <Children xsi:type="layout:Plot">
      <Bounds>
        <Left>0.0</Left>
        <Top>0.0</Top>
        <Width>0.0</Width>
        <Height>0.0</Height>
      </Bounds>
      <Insets>
        <Top>3.0</Top>
        <Left>3.0</Left>
        <Bottom>3.0</Bottom>
        <Right>3.0</Right>
      </Insets>
      <Row>-1</Row>
      <Column>-1</Column>
      <Rowspan>-1</Rowspan>
      <Columnspan>-1</Columnspan>
      <Outline>
        <Style>Solid</Style>
        <Thickness>1</Thickness>
        <Color>
          <Transparency>255</Transparency>
          <Red>0</Red>
          <Green>0</Green>
          <Blue>0</Blue>
        </Color>
        <Visible>false</Visible>
      </Outline>
      <Visible>true</Visible>
      <HorizontalSpacing>5</HorizontalSpacing>
      <VerticalSpacing>5</VerticalSpacing>
      <ClientArea>
        <Outline>
          <Style>Solid</Style>
          <Thickness>0</Thickness>
          <Color>
            <Transparency>255</Transparency>
            <Red>0</Red>
            <Green>0</Green>
            <Blue>0</Blue>
          </Color>
          <Visible>false</Visible>
        </Outline>
        <Insets>
          <Top>0.0</Top>
          <Left>0.0</Left>
          <Bottom>0.0</Bottom>
          <Right>0.0</Right>
        </Insets>
      </ClientArea>
    </Children>
    <Children xsi:type="layout:Legend">
      <Bounds>
        <Left>0.0</Left>
        <Top>0.0</Top>
        <Width>0.0</Width>
        <Height>0.0</Height>
      </Bounds>
      <Insets>
        <Top>3.0</Top>
        <Left>3.0</Left>
        <Bottom>3.0</Bottom>
        <Right>3.0</Right>
      </Insets>
      <Row>-1</Row>
      <Column>-1</Column>
      <Rowspan>-1</Rowspan>
      <Columnspan>-1</Columnspan>
      <Outline>
        <Style>Solid</Style>
        <Thickness>1</Thickness>
        <Color>
          <Transparency>255</Transparency>
          <Red>0</Red>
          <Green>0</Green>
          <Blue>0</Blue>
        </Color>
        <Visible>false</Visible>
      </Outline>
      <Visible>true</Visible>
      <ClientArea>
        <Outline>
          <Style>Solid</Style>
          <Thickness>0</Thickness>
          <Color>
            <Transparency>255</Transparency>
            <Red>0</Red>
            <Green>0</Green>
            <Blue>0</Blue>
          </Color>
          <Visible>false</Visible>
        </Outline>
        <Insets>
          <Top>2.0</Top>
          <Left>2.0</Left>
          <Bottom>2.0</Bottom>
          <Right>2.0</Right>
        </Insets>
      </ClientArea>
      <Text>
        <Value></Value>
        <Font>
          <Alignment/>
        </Font>
      </Text>
      <Orientation>Vertical</Orientation>
      <Direction>Top_Bottom</Direction>
      <Separator>
        <Style>Solid</Style>
        <Thickness>1</Thickness>
        <Color>
          <Transparency>255</Transparency>
          <Red>0</Red>
          <Green>0</Green>
          <Blue>0</Blue>
        </Color>
        <Visible>true</Visible>
      </Separator>
      <Position>Right</Position>
      <ItemType>Categories</ItemType>
      <Title>
        <Caption>
          <Value></Value>
          <Font>
            <Alignment/>
          </Font>
        </Caption>
        <Background xsi:type="attribute:ColorDefinition">
          <Transparency>0</Transparency>
          <Red>255</Red>
          <Green>255</Green>
          <Blue>255</Blue>
        </Background>
        <Outline>
          <Style>Solid</Style>
          <Thickness>1</Thickness>
          <Color>
            <Transparency>255</Transparency>
            <Red>0</Red>
            <Green>0</Green>
            <Blue>0</Blue>
          </Color>
          <Visible>false</Visible>
        </Outline>
        <Insets>
          <Top>0.0</Top>
          <Left>2.0</Left>
          <Bottom>0.0</Bottom>
          <Right>3.0</Right>
        </Insets>
        <Visible>false</Visible>
      </Title>
      <TitlePosition>Above</TitlePosition>
    </Children>
    <Bounds>
      <Left>0.0</Left>
      <Top>0.0</Top>
      <Width>0.0</Width>
      <Height>0.0</Height>
    </Bounds>
    <Insets>
      <Top>3.0</Top>
      <Left>3.0</Left>
      <Bottom>3.0</Bottom>
      <Right>3.0</Right>
    </Insets>
    <Row>-1</Row>
    <Column>-1</Column>
    <Rowspan>-1</Rowspan>
    <Columnspan>-1</Columnspan>
    <Outline>
      <Style>Solid</Style>
      <Thickness>1</Thickness>
      <Color>
        <Transparency>255</Transparency>
        <Red>0</Red>
        <Green>0</Green>
        <Blue>0</Blue>
      </Color>
      <Visible>false</Visible>
    </Outline>
    <Background xsi:type="attribute:ColorDefinition">
      <Transparency>255</Transparency>
      <Red>255</Red>
      <Green>255</Green>
      <Blue>255</Blue>
    </Background>
    <Visible>true</Visible>
  </Block>
  <Dimension>Two_Dimensional_With_Depth</Dimension>
  <Units>Points</Units>
  <SeriesThickness>15.0</SeriesThickness>
  <GridColumnCount>1</GridColumnCount>
  <SampleData>
    <BaseSampleData>
      <DataSetRepresentation>'A','B','C'</DataSetRepresentation>
    </BaseSampleData>
    <OrthogonalSampleData>
      <DataSetRepresentation>5.0,4.0,12.0</DataSetRepresentation>
      <SeriesDefinitionIndex>0</SeriesDefinitionIndex>
    </OrthogonalSampleData>
  </SampleData>
  <Interactivity>
    <Enable>true</Enable>
    <LegendBehavior>None</LegendBehavior>
  </Interactivity>
  <SeriesDefinitions>
    <Query>
      <Definition></Definition>
    </Query>
    <SeriesPalette>
      <Entries xsi:type="attribute:Gradient">
        <StartColor>
          <Transparency>255</Transparency>
          <Red>80</Red>
          <Green>166</Green>
          <Blue>218</Blue>
        </StartColor>
        <EndColor>
          <Transparency>255</Transparency>
          <Red>108</Red>
          <Green>222</Green>
          <Blue>228</Blue>
        </EndColor>
      </Entries>
      <Entries xsi:type="attribute:Gradient">
        <StartColor>
          <Transparency>255</Transparency>
          <Red>242</Red>
          <Green>88</Green>
          <Blue>106</Blue>
        </StartColor>
        <EndColor>
          <Transparency>255</Transparency>
          <Red>255</Red>
          <Green>149</Green>
          <Blue>117</Blue>
        </EndColor>
      </Entries>
      <Entries xsi:type="attribute:Gradient">
        <StartColor>
          <Transparency>255</Transparency>
          <Red>232</Red>
          <Green>172</Green>
          <Blue>57</Blue>
        </StartColor>
        <EndColor>
          <Transparency>255</Transparency>
          <Red>250</Red>
          <Green>209</Green>
          <Blue>63</Blue>
        </EndColor>
      </Entries>
      <Entries xsi:type="attribute:Gradient">
        <StartColor>
          <Transparency>255</Transparency>
          <Red>98</Red>
          <Green>196</Green>
          <Blue>117</Blue>
        </StartColor>
        <EndColor>
          <Transparency>255</Transparency>
          <Red>128</Red>
          <Green>255</Green>
          <Blue>128</Blue>
        </EndColor>
      </Entries>
      <Entries xsi:type="attribute:Gradient">
        <StartColor>
          <Transparency>255</Transparency>
          <Red>64</Red>
          <Green>128</Green>
          <Blue>128</Blue>
        </StartColor>
        <EndColor>
          <Transparency>255</Transparency>
          <Red>103</Red>
          <Green>205</Green>
          <Blue>142</Blue>
        </EndColor>
      </Entries>
      <Entries xsi:type="attribute:Gradient">
        <StartColor>
          <Transparency>255</Transparency>
          <Red>128</Red>
          <Green>128</Green>
          <Blue>192</Blue>
        </StartColor>
        <EndColor>
          <Transparency>255</Transparency>
          <Red>159</Red>
          <Green>189</Green>
          <Blue>203</Blue>
        </EndColor>
      </Entries>
      <Entries xsi:type="attribute:Gradient">
        <StartColor>
          <Transparency>255</Transparency>
          <Red>170</Red>
          <Green>85</Green>
          <Blue>85</Blue>
        </StartColor>
        <EndColor>
          <Transparency>255</Transparency>
          <Red>209</Red>
          <Green>161</Green>
          <Blue>99</Blue>
        </EndColor>
      </Entries>
      <Entries xsi:type="attribute:ColorDefinition">
        <Transparency>255</Transparency>
        <Red>128</Red>
        <Green>128</Green>
        <Blue>0</Blue>
      </Entries>
    </SeriesPalette>
    <SeriesDefinitions>
      <Query>
        <Definition></Definition>
      </Query>
      <SeriesPalette>
        <Entries xsi:type="attribute:Gradient">
          <StartColor>
            <Transparency>255</Transparency>
            <Red>80</Red>
            <Green>166</Green>
            <Blue>218</Blue>
          </StartColor>
          <EndColor>
            <Transparency>255</Transparency>
            <Red>108</Red>
            <Green>222</Green>
            <Blue>228</Blue>
          </EndColor>
        </Entries>
        <Entries xsi:type="attribute:Gradient">
          <StartColor>
            <Transparency>255</Transparency>
            <Red>242</Red>
            <Green>88</Green>
            <Blue>106</Blue>
          </StartColor>
          <EndColor>
            <Transparency>255</Transparency>
            <Red>255</Red>
            <Green>149</Green>
            <Blue>117</Blue>
          </EndColor>
        </Entries>
        <Entries xsi:type="attribute:Gradient">
          <StartColor>
            <Transparency>255</Transparency>
            <Red>232</Red>
            <Green>172</Green>
            <Blue>57</Blue>
          </StartColor>
          <EndColor>
            <Transparency>255</Transparency>
            <Red>250</Red>
            <Green>209</Green>
            <Blue>63</Blue>
          </EndColor>
        </Entries>
        <Entries xsi:type="attribute:Gradient">
          <StartColor>
            <Transparency>255</Transparency>
            <Red>98</Red>
            <Green>196</Green>
            <Blue>117</Blue>
          </StartColor>
          <EndColor>
            <Transparency>255</Transparency>
            <Red>128</Red>
            <Green>255</Green>
            <Blue>128</Blue>
          </EndColor>
        </Entries>
        <Entries xsi:type="attribute:Gradient">
          <StartColor>
            <Transparency>255</Transparency>
            <Red>64</Red>
            <Green>128</Green>
            <Blue>128</Blue>
          </StartColor>
          <EndColor>
            <Transparency>255</Transparency>
            <Red>103</Red>
            <Green>205</Green>
            <Blue>142</Blue>
          </EndColor>
        </Entries>
        <Entries xsi:type="attribute:Gradient">
          <StartColor>
            <Transparency>255</Transparency>
            <Red>128</Red>
            <Green>128</Green>
            <Blue>192</Blue>
          </StartColor>
          <EndColor>
            <Transparency>255</Transparency>
            <Red>159</Red>
            <Green>189</Green>
            <Blue>203</Blue>
          </EndColor>
        </Entries>
        <Entries xsi:type="attribute:Gradient">
          <StartColor>
            <Transparency>255</Transparency>
            <Red>170</Red>
            <Green>85</Green>
            <Blue>85</Blue>
          </StartColor>
          <EndColor>
            <Transparency>255</Transparency>
            <Red>209</Red>
            <Green>161</Green>
            <Blue>99</Blue>
          </EndColor>
        </Entries>
        <Entries xsi:type="attribute:ColorDefinition">
          <Transparency>255</Transparency>
          <Red>128</Red>
          <Green>128</Green>
          <Blue>0</Blue>
        </Entries>
      </SeriesPalette>
      <Series xsi:type="type:PieSeries">
        <Visible>true</Visible>
        <Label>
          <Caption>
            <Value></Value>
            <Font>
              <Alignment/>
            </Font>
          </Caption>
          <Background xsi:type="attribute:ColorDefinition">
            <Transparency>0</Transparency>
            <Red>255</Red>
            <Green>255</Green>
            <Blue>255</Blue>
          </Background>
          <Outline>
            <Style>Solid</Style>
            <Thickness>1</Thickness>
            <Color>
              <Transparency>255</Transparency>
              <Red>0</Red>
              <Green>0</Green>
              <Blue>0</Blue>
            </Color>
            <Visible>false</Visible>
          </Outline>
          <Insets>
            <Top>0.0</Top>
            <Left>2.0</Left>
            <Bottom>0.0</Bottom>
            <Right>3.0</Right>
          </Insets>
          <Visible>true</Visible>
        </Label>
        <DataDefinition>
          <Definition>Value1</Definition>
        </DataDefinition>
        <SeriesIdentifier></SeriesIdentifier>
        <DataPoint>
          <Components>
            <Type>Percentile_Orthogonal_Value</Type>
            <FormatSpecifier xsi:type="attribute:JavaNumberFormatSpecifier">
              <Pattern>##.##%</Pattern>
            </FormatSpecifier>
          </Components>
          <Separator>, </Separator>
        </DataPoint>
        <LabelPosition>Outside</LabelPosition>
        <Stacked>false</Stacked>
        <Explosion>8</Explosion>
        <ExplosionExpression>false</ExplosionExpression>
        <Title>
          <Caption>
            <Value></Value>
            <Font>
              <Size>16.0</Size>
              <Bold>true</Bold>
              <Alignment/>
            </Font>
          </Caption>
          <Background xsi:type="attribute:ColorDefinition">
            <Transparency>0</Transparency>
            <Red>255</Red>
            <Green>255</Green>
            <Blue>255</Blue>
          </Background>
          <Outline>
            <Style>Solid</Style>
            <Thickness>1</Thickness>
            <Color>
              <Transparency>255</Transparency>
              <Red>0</Red>
              <Green>0</Green>
              <Blue>0</Blue>
            </Color>
          </Outline>
          <Insets>
            <Top>0.0</Top>
            <Left>2.0</Left>
            <Bottom>0.0</Bottom>
            <Right>3.0</Right>
          </Insets>
          <Visible>true</Visible>
        </Title>
        <TitlePosition>Below</TitlePosition>
        <LeaderLineAttributes>
          <Style>Solid</Style>
          <Thickness>1</Thickness>
          <Color>
            <Transparency>255</Transparency>
            <Red>0</Red>
            <Green>0</Green>
            <Blue>0</Blue>
          </Color>
          <Visible>true</Visible>
        </LeaderLineAttributes>
        <LeaderLineStyle>Fixed_Length</LeaderLineStyle>
        <LeaderLineLength>0.0</LeaderLineLength>
        <Ratio>0.5</Ratio>
      </Series>
      <Grouping>
        <Enabled>false</Enabled>
        <GroupingInterval>2</GroupingInterval>
        <GroupType>Text</GroupType>
        <AggregateExpression>Sum</AggregateExpression>
      </Grouping>
      <Sorting>Ascending</Sorting>
    </SeriesDefinitions>
    <Series>
      <Visible>true</Visible>
      <Label>
        <Caption>
          <Value></Value>
          <Font>
            <Alignment/>
          </Font>
        </Caption>
        <Background xsi:type="attribute:ColorDefinition">
          <Transparency>0</Transparency>
          <Red>255</Red>
          <Green>255</Green>
          <Blue>255</Blue>
        </Background>
        <Outline>
          <Style>Solid</Style>
          <Thickness>1</Thickness>
          <Color>
            <Transparency>255</Transparency>
            <Red>0</Red>
            <Green>0</Green>
            <Blue>0</Blue>
          </Color>
          <Visible>false</Visible>
        </Outline>
        <Insets>
          <Top>0.0</Top>
          <Left>2.0</Left>
          <Bottom>0.0</Bottom>
          <Right>3.0</Right>
        </Insets>
        <Visible>false</Visible>
      </Label>
      <DataDefinition>
        <Definition>Category</Definition>
      </DataDefinition>
      <SeriesIdentifier></SeriesIdentifier>
      <DataPoint>
        <Components>
          <Type>Orthogonal_Value</Type>
        </Components>
        <Separator>, </Separator>
      </DataPoint>
      <LabelPosition>Outside</LabelPosition>
      <Stacked>false</Stacked>
    </Series>
    <Grouping>
      <Enabled>true</Enabled>
      <GroupingInterval>0</GroupingInterval>
      <GroupType>Text</GroupType>
      <AggregateExpression>Sum</AggregateExpression>
    </Grouping>
  </SeriesDefinitions>
</model:ChartWithoutAxes>
