<?xml version="1.0" encoding="UTF-8"?>
<model:ChartWithAxes xmlns:xsi="http://www.w3.org/2001/XMLSchema-instance" xmlns:attribute="http://www.birt.eclipse.org/ChartModelAttribute" xmlns:data="http://www.birt.eclipse.org/ChartModelData" xmlns:layout="http://www.birt.eclipse.org/ChartModelLayout" xmlns:model="http://www.birt.eclipse.org/ChartModel" xmlns:type="http://www.birt.eclipse.org/ChartModelType">
  <Type>Bar Chart</Type>
  <SubType>Side-by-side</SubType>
  <Block>
    <Children xsi:type="layout:TitleBlock">
      <Bounds>
        <Left>0.0</Left>
        <Top>0.0</Top>
        <Width>0.0</Width>
        <Height>0.0</Height>
      </Bounds>
      <Insets>
        <Top>3.0</Top>
        <Left>3.0</Left>
        <Bottom>3.0</Bottom>
        <Right>3.0</Right>
      </Insets>
      <Row>-1</Row>
      <Column>-1</Column>
      <Rowspan>-1</Rowspan>
      <Columnspan>-1</Columnspan>
      <Outline>
        <Style>Solid</Style>
        <Thickness>1</Thickness>
        <Color>
          <Transparency>255</Transparency>
          <Red>0</Red>
          <Green>0</Green>
          <Blue>0</Blue>
        </Color>
        <Visible>false</Visible>
      </Outline>
      <Visible>true</Visible>
      <Label>
        <Caption>
          <Value>Bar Chart Title</Value>
          <Font>
            <Size>16.0</Size>
            <Bold>true</Bold>
            <Alignment>
              <horizontalAlignment>Center</horizontalAlignment>
              <verticalAlignment>Center</verticalAlignment>
            </Alignment>
          </Font>
        </Caption>
        <Background xsi:type="attribute:ColorDefinition">
          <Transparency>0</Transparency>
          <Red>255</Red>
          <Green>255</Green>
          <Blue>255</Blue>
        </Background>
        <Outline>
          <Style>Solid</Style>
          <Thickness>1</Thickness>
          <Color>
            <Transparency>255</Transparency>
            <Red>0</Red>
            <Green>0</Green>
            <Blue>0</Blue>
          </Color>
        </Outline>
        <Insets>
          <Top>0.0</Top>
          <Left>2.0</Left>
          <Bottom>0.0</Bottom>
          <Right>3.0</Right>
        </Insets>
        <Visible>true</Visible>
      </Label>
    </Children>
    <Children xsi:type="layout:Plot">
      <Bounds>
        <Left>0.0</Left>
        <Top>0.0</Top>
        <Width>0.0</Width>
        <Height>0.0</Height>
      </Bounds>
      <Insets>
        <Top>3.0</Top>
        <Left>3.0</Left>
        <Bottom>3.0</Bottom>
        <Right>3.0</Right>
      </Insets>
      <Row>-1</Row>
      <Column>-1</Column>
      <Rowspan>-1</Rowspan>
      <Columnspan>-1</Columnspan>
      <Outline>
        <Style>Solid</Style>
        <Thickness>1</Thickness>
        <Color>
          <Transparency>255</Transparency>
          <Red>0</Red>
          <Green>0</Green>
          <Blue>0</Blue>
        </Color>
        <Visible>false</Visible>
      </Outline>
      <Visible>true</Visible>
      <HorizontalSpacing>5</HorizontalSpacing>
      <VerticalSpacing>5</VerticalSpacing>
      <ClientArea>
        <Outline>
          <Style>Solid</Style>
          <Thickness>0</Thickness>
          <Color>
            <Transparency>255</Transparency>
            <Red>0</Red>
            <Green>0</Green>
            <Blue>0</Blue>
          </Color>
          <Visible>false</Visible>
        </Outline>
        <Insets>
          <Top>0.0</Top>
          <Left>0.0</Left>
          <Bottom>0.0</Bottom>
          <Right>0.0</Right>
        </Insets>
      </ClientArea>
    </Children>
    <Children xsi:type="layout:Legend">
      <Bounds>
        <Left>0.0</Left>
        <Top>0.0</Top>
        <Width>0.0</Width>
        <Height>0.0</Height>
      </Bounds>
      <Insets>
        <Top>3.0</Top>
        <Left>3.0</Left>
        <Bottom>3.0</Bottom>
        <Right>3.0</Right>
      </Insets>
      <Row>-1</Row>
      <Column>-1</Column>
      <Rowspan>-1</Rowspan>
      <Columnspan>-1</Columnspan>
      <Outline>
        <Style>Solid</Style>
        <Thickness>1</Thickness>
        <Color>
          <Transparency>255</Transparency>
          <Red>0</Red>
          <Green>0</Green>
          <Blue>0</Blue>
        </Color>
        <Visible>false</Visible>
      </Outline>
      <Visible>false</Visible>
      <ClientArea>
        <Outline>
          <Style>Solid</Style>
          <Thickness>0</Thickness>
          <Color>
            <Transparency>255</Transparency>
            <Red>0</Red>
            <Green>0</Green>
            <Blue>0</Blue>
          </Color>
          <Visible>false</Visible>
        </Outline>
        <Insets>
          <Top>2.0</Top>
          <Left>2.0</Left>
          <Bottom>2.0</Bottom>
          <Right>2.0</Right>
        </Insets>
      </ClientArea>
      <Text>
        <Value></Value>
        <Font>
          <Alignment/>
        </Font>
      </Text>
      <Orientation>Vertical</Orientation>
      <Direction>Top_Bottom</Direction>
      <Separator>
        <Style>Solid</Style>
        <Thickness>1</Thickness>
        <Color>
          <Transparency>255</Transparency>
          <Red>0</Red>
          <Green>0</Green>
          <Blue>0</Blue>
        </Color>
        <Visible>true</Visible>
      </Separator>
      <Position>Right</Position>
      <ItemType>Categories</ItemType>
      <Title>
        <Caption>
          <Value></Value>
          <Font>
            <Alignment/>
          </Font>
        </Caption>
        <Background xsi:type="attribute:ColorDefinition">
          <Transparency>0</Transparency>
          <Red>255</Red>
          <Green>255</Green>
          <Blue>255</Blue>
        </Background>
        <Outline>
          <Style>Solid</Style>
          <Thickness>1</Thickness>
          <Color>
            <Transparency>255</Transparency>
            <Red>0</Red>
            <Green>0</Green>
            <Blue>0</Blue>
          </Color>
          <Visible>false</Visible>
        </Outline>
        <Insets>
          <Top>0.0</Top>
          <Left>2.0</Left>
          <Bottom>0.0</Bottom>
          <Right>3.0</Right>
        </Insets>
        <Visible>false</Visible>
      </Title>
      <TitlePosition>Above</TitlePosition>
    </Children>
    <Bounds>
      <Left>0.0</Left>
      <Top>0.0</Top>
      <Width>0.0</Width>
      <Height>0.0</Height>
    </Bounds>
    <Insets>
      <Top>3.0</Top>
      <Left>3.0</Left>
      <Bottom>3.0</Bottom>
      <Right>3.0</Right>
    </Insets>
    <Row>-1</Row>
    <Column>-1</Column>
    <Rowspan>-1</Rowspan>
    <Columnspan>-1</Columnspan>
    <Outline>
      <Style>Solid</Style>
      <Thickness>1</Thickness>
      <Color>
        <Transparency>255</Transparency>
        <Red>0</Red>
        <Green>0</Green>
        <Blue>0</Blue>
      </Color>
      <Visible>false</Visible>
    </Outline>
    <Background xsi:type="attribute:ColorDefinition">
      <Transparency>255</Transparency>
      <Red>255</Red>
      <Green>255</Green>
      <Blue>255</Blue>
    </Background>
    <Visible>true</Visible>
  </Block>
  <Dimension>Two_Dimensional</Dimension>
  <Units>Points</Units>
  <SeriesThickness>10.0</SeriesThickness>
  <SampleData>
    <BaseSampleData>
      <DataSetRepresentation>'A','B','C'</DataSetRepresentation>
    </BaseSampleData>
    <OrthogonalSampleData>
      <DataSetRepresentation>5.0,4.0,12.0</DataSetRepresentation>
      <SeriesDefinitionIndex>0</SeriesDefinitionIndex>
    </OrthogonalSampleData>
  </SampleData>
  <Interactivity/>
  <Axes>
    <Type>Text</Type>
    <Title>
      <Caption>
        <Value>X-Axis Title</Value>
        <Font>
          <Size>14.0</Size>
          <Bold>true</Bold>
          <Alignment>
            <horizontalAlignment>Center</horizontalAlignment>
            <verticalAlignment>Center</verticalAlignment>
          </Alignment>
        </Font>
      </Caption>
      <Background xsi:type="attribute:ColorDefinition">
        <Transparency>0</Transparency>
        <Red>255</Red>
        <Green>255</Green>
        <Blue>255</Blue>
      </Background>
      <Outline>
        <Style>Solid</Style>
        <Thickness>1</Thickness>
        <Color>
          <Transparency>255</Transparency>
          <Red>0</Red>
          <Green>0</Green>
          <Blue>0</Blue>
        </Color>
      </Outline>
      <Insets>
        <Top>0.0</Top>
        <Left>2.0</Left>
        <Bottom>0.0</Bottom>
        <Right>3.0</Right>
      </Insets>
      <Visible>false</Visible>
    </Title>
    <TitlePosition>Below</TitlePosition>
    <AssociatedAxes>
      <Type>Linear</Type>
      <Title>
        <Caption>
          <Value>Y-Axis Title</Value>
          <Font>
            <Size>14.0</Size>
            <Bold>true</Bold>
            <Alignment>
              <horizontalAlignment>Center</horizontalAlignment>
              <verticalAlignment>Center</verticalAlignment>
            </Alignment>
            <Rotation>90.0</Rotation>
          </Font>
        </Caption>
        <Background xsi:type="attribute:ColorDefinition">
          <Transparency>0</Transparency>
          <Red>255</Red>
          <Green>255</Green>
          <Blue>255</Blue>
        </Background>
        <Outline>
          <Style>Solid</Style>
          <Thickness>1</Thickness>
          <Color>
            <Transparency>255</Transparency>
            <Red>0</Red>
            <Green>0</Green>
            <Blue>0</Blue>
          </Color>
        </Outline>
        <Insets>
          <Top>0.0</Top>
          <Left>2.0</Left>
          <Bottom>0.0</Bottom>
          <Right>3.0</Right>
        </Insets>
        <Visible>false</Visible>
      </Title>
      <TitlePosition>Left</TitlePosition>
      <SeriesDefinitions>
        <Query>
          <Definition></Definition>
        </Query>
        <SeriesPalette>
          <Entries xsi:type="attribute:ColorDefinition">
            <Transparency>255</Transparency>
            <Red>80</Red>
            <Green>166</Green>
            <Blue>218</Blue>
          </Entries>
          <Entries xsi:type="attribute:ColorDefinition">
            <Transparency>255</Transparency>
            <Red>242</Red>
            <Green>88</Green>
            <Blue>106</Blue>
          </Entries>
          <Entries xsi:type="attribute:ColorDefinition">
            <Transparency>255</Transparency>
            <Red>232</Red>
            <Green>172</Green>
            <Blue>57</Blue>
          </Entries>
          <Entries xsi:type="attribute:ColorDefinition">
            <Transparency>255</Transparency>
            <Red>128</Red>
            <Green>255</Green>
            <Blue>128</Blue>
          </Entries>
          <Entries xsi:type="attribute:ColorDefinition">
            <Transparency>255</Transparency>
            <Red>64</Red>
            <Green>128</Green>
            <Blue>128</Blue>
          </Entries>
          <Entries xsi:type="attribute:ColorDefinition">
            <Transparency>255</Transparency>
            <Red>128</Red>
            <Green>128</Green>
            <Blue>192</Blue>
          </Entries>
          <Entries xsi:type="attribute:ColorDefinition">
            <Transparency>255</Transparency>
            <Red>170</Red>
            <Green>85</Green>
            <Blue>85</Blue>
          </Entries>
          <Entries xsi:type="attribute:ColorDefinition">
            <Transparency>255</Transparency>
            <Red>128</Red>
            <Green>128</Green>
            <Blue>0</Blue>
          </Entries>
        </SeriesPalette>
        <Series xsi:type="type:BarSeries">
          <Visible>true</Visible>
          <Label>
            <Caption>
              <Value></Value>
              <Font>
                <Alignment/>
              </Font>
            </Caption>
            <Background xsi:type="attribute:ColorDefinition">
              <Transparency>0</Transparency>
              <Red>255</Red>
              <Green>255</Green>
              <Blue>255</Blue>
            </Background>
            <Outline>
              <Style>Solid</Style>
              <Thickness>1</Thickness>
              <Color>
                <Transparency>255</Transparency>
                <Red>0</Red>
                <Green>0</Green>
                <Blue>0</Blue>
              </Color>
              <Visible>false</Visible>
            </Outline>
            <Insets>
              <Top>0.0</Top>
              <Left>2.0</Left>
              <Bottom>0.0</Bottom>
              <Right>3.0</Right>
            </Insets>
            <Visible>false</Visible>
          </Label>
          <DataDefinition>
            <Definition>Value1</Definition>
          </DataDefinition>
          <SeriesIdentifier></SeriesIdentifier>
          <DataPoint>
            <Components>
              <Type>Orthogonal_Value</Type>
            </Components>
            <Separator>, </Separator>
          </DataPoint>
          <LabelPosition>Outside</LabelPosition>
          <Stacked>false</Stacked>
          <Riser>Rectangle</Riser>
        </Series>
        <Grouping>
          <Enabled>false</Enabled>
          <GroupingInterval>2</GroupingInterval>
          <GroupType>Text</GroupType>
          <AggregateExpression>Sum</AggregateExpression>
        </Grouping>
        <Sorting>Ascending</Sorting>
      </SeriesDefinitions>
      <Orientation>Vertical</Orientation>
      <LineAttributes>
        <Style>Solid</Style>
        <Thickness>1</Thickness>
        <Color>
          <Transparency>255</Transparency>
          <Red>0</Red>
          <Green>0</Green>
          <Blue>0</Blue>
        </Color>
        <Visible>true</Visible>
      </LineAttributes>
      <Label>
        <Caption>
          <Value></Value>
          <Font>
            <Alignment/>
          </Font>
        </Caption>
        <Background xsi:type="attribute:ColorDefinition">
          <Transparency>0</Transparency>
          <Red>255</Red>
          <Green>255</Green>
          <Blue>255</Blue>
        </Background>
        <Outline>
          <Style>Solid</Style>
          <Thickness>1</Thickness>
          <Color>
            <Transparency>255</Transparency>
            <Red>0</Red>
            <Green>0</Green>
            <Blue>0</Blue>
          </Color>
        </Outline>
        <Insets>
          <Top>0.0</Top>
          <Left>2.0</Left>
          <Bottom>0.0</Bottom>
          <Right>3.0</Right>
        </Insets>
        <Visible>true</Visible>
      </Label>
      <LabelPosition>Left</LabelPosition>
      <MajorGrid>
        <LineAttributes>
          <Style>Solid</Style>
          <Thickness>1</Thickness>
          <Color>
            <Transparency>255</Transparency>
            <Red>196</Red>
            <Green>196</Green>
            <Blue>196</Blue>
          </Color>
          <Visible>false</Visible>
        </LineAttributes>
        <TickStyle>Across</TickStyle>
        <TickAttributes>
          <Style>Solid</Style>
          <Thickness>1</Thickness>
          <Color>
            <Transparency>255</Transparency>
            <Red>196</Red>
            <Green>196</Green>
            <Blue>196</Blue>
          </Color>
          <Visible>true</Visible>
        </TickAttributes>
      </MajorGrid>
      <MinorGrid>
        <LineAttributes>
          <Style>Solid</Style>
          <Thickness>1</Thickness>
          <Color>
            <Transparency>255</Transparency>
            <Red>225</Red>
            <Green>225</Green>
            <Blue>225</Blue>
          </Color>
          <Visible>false</Visible>
        </LineAttributes>
        <TickStyle>Across</TickStyle>
        <TickAttributes>
          <Style>Solid</Style>
          <Thickness>1</Thickness>
          <Color>
            <Transparency>255</Transparency>
            <Red>225</Red>
            <Green>225</Green>
            <Blue>225</Blue>
          </Color>
          <Visible>false</Visible>
        </TickAttributes>
      </MinorGrid>
      <Scale>
        <MinorGridsPerUnit>5</MinorGridsPerUnit>
      </Scale>
      <Origin>
        <Type>Min</Type>
        <Value xsi:type="data:NumberDataElement">
          <Value>0.0</Value>
        </Value>
      </Origin>
      <PrimaryAxis>true</PrimaryAxis>
      <Percent>false</Percent>
    </AssociatedAxes>
    <SeriesDefinitions>
      <Query>
        <Definition></Definition>
      </Query>
      <SeriesPalette>
        <Entries xsi:type="attribute:ColorDefinition">
          <Transparency>255</Transparency>
          <Red>80</Red>
          <Green>166</Green>
          <Blue>218</Blue>
        </Entries>
        <Entries xsi:type="attribute:ColorDefinition">
          <Transparency>255</Transparency>
          <Red>242</Red>
          <Green>88</Green>
          <Blue>106</Blue>
        </Entries>
        <Entries xsi:type="attribute:ColorDefinition">
          <Transparency>255</Transparency>
          <Red>232</Red>
          <Green>172</Green>
          <Blue>57</Blue>
        </Entries>
        <Entries xsi:type="attribute:ColorDefinition">
          <Transparency>255</Transparency>
          <Red>128</Red>
          <Green>255</Green>
          <Blue>128</Blue>
        </Entries>
        <Entries xsi:type="attribute:ColorDefinition">
          <Transparency>255</Transparency>
          <Red>64</Red>
          <Green>128</Green>
          <Blue>128</Blue>
        </Entries>
        <Entries xsi:type="attribute:ColorDefinition">
          <Transparency>255</Transparency>
          <Red>128</Red>
          <Green>128</Green>
          <Blue>192</Blue>
        </Entries>
        <Entries xsi:type="attribute:ColorDefinition">
          <Transparency>255</Transparency>
          <Red>170</Red>
          <Green>85</Green>
          <Blue>85</Blue>
        </Entries>
        <Entries xsi:type="attribute:ColorDefinition">
          <Transparency>255</Transparency>
          <Red>128</Red>
          <Green>128</Green>
          <Blue>0</Blue>
        </Entries>
      </SeriesPalette>
      <Series>
        <Visible>true</Visible>
        <Label>
          <Caption>
            <Value></Value>
            <Font>
              <Alignment/>
            </Font>
          </Caption>
          <Background xsi:type="attribute:ColorDefinition">
            <Transparency>0</Transparency>
            <Red>255</Red>
            <Green>255</Green>
            <Blue>255</Blue>
          </Background>
          <Outline>
            <Style>Solid</Style>
            <Thickness>1</Thickness>
            <Color>
              <Transparency>255</Transparency>
              <Red>0</Red>
              <Green>0</Green>
              <Blue>0</Blue>
            </Color>
            <Visible>false</Visible>
          </Outline>
          <Insets>
            <Top>0.0</Top>
            <Left>2.0</Left>
            <Bottom>0.0</Bottom>
            <Right>3.0</Right>
          </Insets>
          <Visible>false</Visible>
        </Label>
        <DataDefinition>
          <Definition>Category</Definition>
        </DataDefinition>
        <SeriesIdentifier></SeriesIdentifier>
        <DataPoint>
          <Components>
            <Type>Orthogonal_Value</Type>
          </Components>
          <Separator>, </Separator>
        </DataPoint>
        <LabelPosition>Outside</LabelPosition>
        <Stacked>false</Stacked>
      </Series>
      <Grouping>
        <Enabled>true</Enabled>
        <GroupingInterval>0</GroupingInterval>
        <GroupType>Text</GroupType>
        <AggregateExpression>Sum</AggregateExpression>
      </Grouping>
    </SeriesDefinitions>
    <Orientation>Horizontal</Orientation>
    <LineAttributes>
      <Style>Solid</Style>
      <Thickness>1</Thickness>
      <Color>
        <Transparency>255</Transparency>
        <Red>0</Red>
        <Green>0</Green>
        <Blue>0</Blue>
      </Color>
      <Visible>true</Visible>
    </LineAttributes>
    <Label>
      <Caption>
        <Value></Value>
        <Font>
          <Alignment/>
        </Font>
      </Caption>
      <Background xsi:type="attribute:ColorDefinition">
        <Transparency>0</Transparency>
        <Red>255</Red>
        <Green>255</Green>
        <Blue>255</Blue>
      </Background>
      <Outline>
        <Style>Solid</Style>
        <Thickness>1</Thickness>
        <Color>
          <Transparency>255</Transparency>
          <Red>0</Red>
          <Green>0</Green>
          <Blue>0</Blue>
        </Color>
      </Outline>
      <Insets>
        <Top>0.0</Top>
        <Left>2.0</Left>
        <Bottom>0.0</Bottom>
        <Right>3.0</Right>
      </Insets>
      <Visible>true</Visible>
    </Label>
    <LabelPosition>Below</LabelPosition>
    <MajorGrid>
      <LineAttributes>
        <Style>Solid</Style>
        <Thickness>1</Thickness>
        <Color>
          <Transparency>255</Transparency>
          <Red>196</Red>
          <Green>196</Green>
          <Blue>196</Blue>
        </Color>
        <Visible>false</Visible>
      </LineAttributes>
      <TickStyle>Across</TickStyle>
      <TickAttributes>
        <Style>Solid</Style>
        <Thickness>1</Thickness>
        <Color>
          <Transparency>255</Transparency>
          <Red>196</Red>
          <Green>196</Green>
          <Blue>196</Blue>
        </Color>
        <Visible>true</Visible>
      </TickAttributes>
    </MajorGrid>
    <MinorGrid>
      <LineAttributes>
        <Style>Solid</Style>
        <Thickness>1</Thickness>
        <Color>
          <Transparency>255</Transparency>
          <Red>225</Red>
          <Green>225</Green>
          <Blue>225</Blue>
        </Color>
        <Visible>false</Visible>
      </LineAttributes>
      <TickStyle>Across</TickStyle>
      <TickAttributes>
        <Style>Solid</Style>
        <Thickness>1</Thickness>
        <Color>
          <Transparency>255</Transparency>
          <Red>225</Red>
          <Green>225</Green>
          <Blue>225</Blue>
        </Color>
        <Visible>false</Visible>
      </TickAttributes>
    </MinorGrid>
    <Scale>
      <MinorGridsPerUnit>5</MinorGridsPerUnit>
    </Scale>
    <Origin>
      <Type>Min</Type>
      <Value xsi:type="data:NumberDataElement">
        <Value>0.0</Value>
      </Value>
    </Origin>
    <PrimaryAxis>true</PrimaryAxis>
    <CategoryAxis>true</CategoryAxis>
    <Percent>false</Percent>
  </Axes>
  <Orientation>Vertical</Orientation>
  <UnitSpacing>50.0</UnitSpacing>
  <Rotation/>
</model:ChartWithAxes>
